{"cameraMode":{"drawMode":0,"name":"Shaded","section":"Shading Mode"},"sceneLighting":true,"audioPlay":false,"sceneViewState":{"showFog":true,"showMaterialUpdate":false,"showSkybox":true,"showFlares":true,"showImageEffects":true,"showParticleSystems":true},"in2DMode":false,"pivot":{"x":34.46332550048828,"y":4.146946907043457,"z":-859.8646240234375},"rotation":{"x":0.0752350389957428,"y":0.9002256989479065,"z":-0.1724870651960373,"w":0.3926597237586975},"size":41.58148956298828,"orthographic":false}