{"cameraMode":{"drawMode":0,"name":"Shaded","section":"Shading Mode"},"sceneLighting":true,"audioPlay":false,"sceneViewState":{"showFog":true,"showMaterialUpdate":false,"showSkybox":true,"showFlares":true,"showImageEffects":true,"showParticleSystems":true},"in2DMode":false,"pivot":{"x":546.9970703125,"y":188.470458984375,"z":-229.9840087890625},"rotation":{"x":0.06475373357534409,"y":0.017956513911485673,"z":-0.0011647428618744016,"w":0.9977390170097351},"size":507.4742126464844,"orthographic":false}