{"cameraMode":{"drawMode":0,"name":"Shaded","section":"Shading Mode"},"sceneLighting":true,"audioPlay":false,"sceneViewState":{"showFog":true,"showMaterialUpdate":false,"showSkybox":true,"showFlares":true,"showImageEffects":true,"showParticleSystems":true},"in2DMode":false,"pivot":{"x":145.3196258544922,"y":3.427014112472534,"z":-938.7991333007813},"rotation":{"x":-0.13089537620544434,"y":0.7768617272377014,"z":-0.17193594574928285,"w":-0.5914307236671448},"size":23.05733871459961,"orthographic":false}