{"cameraMode":{"drawMode":0,"name":"Shaded","section":"Shading Mode"},"sceneLighting":true,"audioPlay":false,"sceneViewState":{"showFog":true,"showMaterialUpdate":false,"showSkybox":true,"showFlares":true,"showImageEffects":true,"showParticleSystems":true},"in2DMode":false,"pivot":{"x":1.1339999437332154,"y":4.426000118255615,"z":-98.23600769042969},"rotation":{"x":-0.26658594608306887,"y":0.5723944902420044,"z":-0.2039656937122345,"w":-0.7481274008750916},"size":7.996119976043701,"orthographic":false}