{"cameraMode":{"drawMode":0,"name":"Shaded","section":"Shading Mode"},"sceneLighting":true,"audioPlay":false,"sceneViewState":{"showFog":true,"showMaterialUpdate":false,"showSkybox":true,"showFlares":true,"showImageEffects":true,"showParticleSystems":true},"in2DMode":false,"pivot":{"x":98.78616333007813,"y":-20.550079345703126,"z":-841.5399780273438},"rotation":{"x":-0.07157749682664871,"y":0.9228849411010742,"z":-0.31488338112831118,"w":-0.20978206396102906},"size":123.99130249023438,"orthographic":false}