{"cameraMode":{"drawMode":0,"name":"Shaded","section":"Shading Mode"},"sceneLighting":true,"audioPlay":false,"sceneViewState":{"showFog":true,"showMaterialUpdate":false,"showSkybox":true,"showFlares":true,"showImageEffects":true,"showParticleSystems":true},"in2DMode":false,"pivot":{"x":155.20733642578126,"y":4.681346893310547,"z":-940.8745727539063},"rotation":{"x":0.0752350389957428,"y":0.9002256989479065,"z":-0.1724870651960373,"w":0.3926597237586975},"size":15.346689224243164,"orthographic":false}