{"cameraMode":{"drawMode":0,"name":"Shaded","section":"Shading Mode"},"sceneLighting":true,"audioPlay":false,"sceneViewState":{"showFog":true,"showMaterialUpdate":false,"showSkybox":true,"showFlares":true,"showImageEffects":true,"showParticleSystems":true},"in2DMode":false,"pivot":{"x":-0.4877815246582031,"y":4.067426681518555,"z":-96.70950317382813},"rotation":{"x":-0.20642343163490296,"y":0.5378248691558838,"z":-0.13779331743717194,"w":-0.805696427822113},"size":6.774205207824707,"orthographic":false}