{"cameraMode":{"drawMode":0,"name":"Shaded","section":"Shading Mode"},"sceneLighting":true,"audioPlay":false,"sceneViewState":{"showFog":true,"showMaterialUpdate":false,"showSkybox":true,"showFlares":true,"showImageEffects":true,"showParticleSystems":true},"in2DMode":false,"pivot":{"x":6.112180233001709,"y":-1.5159980058670045,"z":-58.288352966308597},"rotation":{"x":-0.025330383330583574,"y":-0.9623835682868958,"z":0.25272977352142336,"w":-0.09645702689886093},"size":107.61046600341797,"orthographic":false}