{"cameraMode":{"drawMode":0,"name":"Shaded","section":"Shading Mode"},"sceneLighting":true,"audioPlay":false,"sceneViewState":{"showFog":true,"showMaterialUpdate":false,"showSkybox":true,"showFlares":true,"showImageEffects":true,"showParticleSystems":true},"in2DMode":false,"pivot":{"x":1.0464906692504883,"y":7.732263088226318,"z":-52.166114807128909},"rotation":{"x":0.2228800505399704,"y":-0.6769099235534668,"z":0.227339506149292,"w":0.6636521816253662},"size":28.51532745361328,"orthographic":false}