{"cameraMode":{"drawMode":0,"name":"Shaded","section":"Shading Mode"},"sceneLighting":true,"audioPlay":false,"sceneViewState":{"showFog":true,"showMaterialUpdate":false,"showSkybox":true,"showFlares":true,"showImageEffects":true,"showParticleSystems":true},"in2DMode":false,"pivot":{"x":-516.5902099609375,"y":313.8182373046875,"z":601.69189453125},"rotation":{"x":-0.025153016671538354,"y":0.2236146330833435,"z":-0.00577306654304266,"w":-0.9743359684944153},"size":1616.5081787109375,"orthographic":false}