{"cameraMode":{"drawMode":0,"name":"Shaded","section":"Shading Mode"},"sceneLighting":true,"audioPlay":false,"sceneViewState":{"showFog":true,"showMaterialUpdate":false,"showSkybox":true,"showFlares":true,"showImageEffects":true,"showParticleSystems":true},"in2DMode":false,"pivot":{"x":-0.34390151500701907,"y":1.225547194480896,"z":-0.08046965301036835},"rotation":{"x":-0.0075789098627865318,"y":-0.9923216700553894,"z":0.09405475854873657,"w":-0.07996242493391037},"size":1.489258050918579,"orthographic":false}