{"cameraMode":{"drawMode":0,"name":"Shaded","section":"Shading Mode"},"sceneLighting":true,"audioPlay":false,"sceneViewState":{"showFog":true,"showMaterialUpdate":false,"showSkybox":true,"showFlares":true,"showImageEffects":true,"showParticleSystems":true},"in2DMode":false,"pivot":{"x":0.8399999737739563,"y":3.440000057220459,"z":-98.11000061035156},"rotation":{"x":-0.2723323404788971,"y":0.20217692852020265,"z":-0.05864362418651581,"w":-0.9388932585716248},"size":22.0,"orthographic":false}