{"cameraMode":{"drawMode":0,"name":"Shaded","section":"Shading Mode"},"sceneLighting":true,"audioPlay":false,"sceneViewState":{"showFog":true,"showMaterialUpdate":false,"showSkybox":true,"showFlares":true,"showImageEffects":true,"showParticleSystems":true},"in2DMode":false,"pivot":{"x":-1.2535710334777833,"y":0.7415887713432312,"z":0.2457459568977356},"rotation":{"x":-0.09843946993350983,"y":-0.89336758852005,"z":0.3672234117984772,"w":-0.2394806295633316},"size":10.144251823425293,"orthographic":false}